"id","question","keywords","answer"
"Q1","High-NA EUV가 실제로 양산까지 갈까요? 타이밍 리스크는 어떻게 보나요?","High-NA,EUV,양산,로드맵,타이밍 리스크,ASML,삼성,TSMC,SK하이닉스,HBM,HNE,ASML High NA EUV 장비,에이벤처스,미쓰이 CVC,테일러 공장,테슬라,휴머노이드 로봇,2nm","[요약]
High-NA는 갈지 말지의 문제가 아니라, 언제 어떤 속도로 메인스트림이 되느냐의 문제입니다.

[자세한 답변]
- ASML: High-NA(EUV EXE 시리즈)를 이미 출하하기 시작했으며, 2nm 이하 노드 로드맵을 확정했습니다.
- 삼성전자: 미국 테일러 랩에 2026년 3분기 High-NA EUV 투입을 전제로, 그 이전까지 CNT 펠리클 qualification 완료를 요구하고 있습니다.
- TSMC: 2027년 High-NA EUV 파일럿 라인 가동 계획을 언급하며 관련 Capex 집행 중입니다.
- 기술적 필연성: 2nm 이하 노드에서는 Low-NA만으로 패턴 피치·생산성·수율을 맞추기 어려워 High-NA는 사실상 유일한 합리적 경로입니다.
- SK하이닉스: 현재는 HBM 위주 진행으로 당장 EUV 적용은 아니나, 메모리 노드 단위 변화로 적용 가능성 충분합니다.
- CNT 펠리클 수요: HNE(High-NA EUV) 도입에 따라 수요가 발생하고 가속화되고 있습니다.
- ASML High NA EUV 장비 도입: 현재 양산형 공장 및 장비에는 아직 도입 전이나, 반도체 파운드리 회사의 연구 개발 및 시험 설비에서는 이미 사용 중. 도입 자체에 대해서는 반도체 파운드리 사의 공식적 발표 존재.

[추가: 반도체 회사의 CNT 펠리클 도입 계획]
반도체 파운드리 회사들이 EUV 펠리클 관련 장비 이미 구매
- CNT 펠리클 도입 여부 확실 및 도입 시점 가속화 예정

[추가: 삼성전자 테일러 공장 및 테슬라]
- 삼성전자 미국 테일러 공장 지연의 영향: 삼성전자의 고객사 및 납품 일정은 확정되어 있어 영향 없음
- 테일러 공장에 발주한 테슬라의 반도체 사용처: 휴머노이드 로봇용 2nm 반도체

[추가: Logic용 EUV 장비 정의 (from 케이넷 meeting 2026.04.13)]
- Logic = Low + High EUV 장비 전체를 지칭
- Logic EUV 장비 시장이 CNT 펠리클의 최대 목표 시장임"
"Q2","EUV 펠리클 수요가 생각보다 크지 않을 수 있다는 우려에 대해 어떻게 보나요?","EUV,펠리클 수요,시장 규모,웨이퍼 생산량,수명,교체 주기,수요처,수명,Low-NA 마스크 손해,High-NA 도입 이유","[요약]
보수적인 가정만으로도 Logic용 EUV 펠리클 시장은 2026~28년 기준 연 9~12억 달러 규모입니다.

[자세한 답변]
- Logic용 EUV 장비 누적 대수 가정: 2026년 361대, 2027년 416대, 2028년 476대
- 가정: WPD 3,600, 가동률 90%, 펠리클 수명(Low-NA 20k, High-NA 5k)
- Logic 펠리클 수요량: 2026년 21,346장 / 2027년 24,598장 / 2028년 28,146장
- 전체 시장 규모: 2026년 915M / 2027년 1,054M / 2028년 1,206M USD
- High-NA 전용 시장: 2026년 81M / 2027년 115M / 2028년 149M USD
- CNT 멤브레인 공급사는 소수이나, 수요처는 확정되어 있으며 연구 개발 및 발주가 시작된 상황입니다.

[추가: 기존 EUV 펠리클 미사용 이유 및 수명]
- 기존 EUV 펠리클을 삼성전자가 사용하지 않은 이유: Low NA EUV 장비에서는 EUV 펠리클 없이 포토 마스크 손해를 감수해왔으나, High NA EUV 장비 이후 해당 손해 금액이 커짐
- CNT 기반 EUV 펠리클의 수명: 기존 EUV 장비에서는 수명이 늘어남. High NA EUV 장비에서는 수명 동일 또는 줄어들어도 사용해야 하는 구조
- 중국 EUV 장비 시장 공급 가능성: 낮음. 기존 EUV 펠리클로도 충분하므로 수요처의 수요가 적음 (from 케이넷 meeting 2026.04.13)"
"Q3","어썸레이가 목표로 하는 매출 및 시장 점유율은 어느 정도인가요?","매출 전망,시장 점유율,2026,2027,2028,ASP,멤브레인 가격,원가율,시장규모,73억원,3분기 통과,4분기 납품,S&S Tech 공급 계약","[요약]
보수적으로 2026~28년 동안 멤브레인 매출 60→180→240억원, 시장 점유율 7→12→14%를 목표로 합니다.

[자세한 답변]
- 기본 가정: High-NA EUV 펠리클 6,000만 원/장 (멤브레인 비중 10% = 600만 원/장)
- 2026년: 1,000장 공급 → 매출 60억 원 (점유율 7%), CNT 멤브레인 매출 위주
- 2027년: 3,000장 공급 → 매출 180억 원 (점유율 12%, 2nm 양산 본격화)
- 2028년: 4,000장 공급 → 매출 240억 원 (점유율 14%, 메모리 확대)
- CNT 멤브레인 매출 발생 시점: 2026년 하반기 예상
- Low, High 합쳐서 펠리클 시장은 3조원 규모, 멤브레인은 3천억원 규모이며 그 중 어썸레이의 3~400억원 차지 예상
- 매출 원가율: 카나투 공시 자료 기준 30%, 어썸레이는 10% 예상

[추가: 2026년 매출 추정 상세 및 S&S Tech 공급 방식]
- Qual Test 경과에 따른 매출 변동: 2026년 3분기 통과, 4분기 납품 예상. 기존 샘플 매출 및 납품 매출로 2026년 매출 73억원 추정
- S&S Tech와의 공급 관계: 현재 공급 계약 없이 진행 중. 샘플 공급에 대해서는 Qual Test 이후 정산하는 형식으로 진행 중
- 예상 매출 규모: 전체 및 고객사 수요 규모의 일부분으로 상정한 보수적 추정이며 향후 확대 가능"
"Q4","어썸레이는 EUV 펠리클 양산 경험이 없는데, 2026년에 실제로 양산 공급이 가능합니까?","양산 경험,클린룸,공정,품질,CPO,S&S Tech,리스크 완화,무라타,생산 시설,도입 시기,클린룸 비용,클린룸 준공,장비 반입,Capex 20억","[요약]
양산 경험 부족 리스크를 대기업 전문가 영입 + S&S Tech 협력으로 구조적으로 해결하고 있습니다.

[자세한 답변]
- 인력: LG화학·에코프로비엠 25년 양산 경력의 CPO 영입 (품질·신뢰성 시스템 총괄)
- 역할 분담: 어썸레이는 소재(CNT 멤브레인) 집중, 펠리클 완제품 제조·검사는 S&S Tech 담당
- 램프업 계획: 2026년 하반기 월 170장(Qual 대응) → 2027~28년 월 340장까지 점진적 증설
- 삼성전자 CNT 펠리클 도입: 처음에는 FST 솔벤더로 시작, SST까지 듀얼벤더로 진행 예정. 어썸레이와 SST의 도입 시기는 Qual을 통과하는 2026년 3분기 예상
- 무라타 기계 협업: 양산용 생산 장비 2028년 발주 예정
- 생산 시설: 공간은 자가 및 임대, 시설 및 장비는 자체 개발 및 제작, 정리 사업 부서 공간·시설·장비 매각 중이며 현금 확보 예정 (정리 사업 상세: Q26, QX1, QX2 참조)
- 클린룸 시설 비용: 사무실 매입 및 장비 제작 비용 등 총 20억원

[추가: 생산 장비 및 Capex 현황]
- 생산 장비 상태: 클린룸 준공 완료, 장비 반입 진행 중
- 예상 매출 기준 Capex 규모: 20억원 수준으로 후처리, 분석 장비 및 시설 등에 사용

[추가: 생산 역량 및 Scale (from 케이넷 meeting 2026.04.13)]
- 현재 생산 시설 역량: TSMC 수요량까지 생산 가능한 규모
- CNT 펠리클 크기 확장 계획: 현재 기준 CNT 펠리클 크기로도 시장 요구 충족하므로 크기 확장 계획 없음"
"Q5","FST/Canatu 등이 먼저 qualification을 완료하면 어썸레이의 기회는 사라지는 것 아닌가요?","FST,Canatu,경쟁,qualification,2nd source,배치 공정,Roll-to-Roll,멀티벤더,HNE,FST 동향,에이벤처스,미쓰이 CVC,FST Qual 미통과,디스플레이용 펠리클,FST 현황","[요약]
그렇지 않습니다. EUV 펠리클은 반드시 2nd/3rd 소스를 필요로 하는 전략 부품 시장입니다.

[자세한 답변]
- 경쟁사 현황 (FST/Canatu): 배치(Batch) 공정 기반으로 대면적화 및 수율에 구조적 한계, 파티클 이슈 존재
- 어썸레이 강점: Roll-to-Roll 연속 공정으로 대면적 균일도 및 원가 경쟁력 우위. 연속 생산이 불연속 대비 균일한 생산 가능
- FST의 CNT 펠리클 생산: Canatu의 CNT 멤브레인 생산 장비를 구입하여 자체적으로 생산 중. 카나투는 FST에 생산 장비를 제공하여, FST가 삼성전자 Test에 참여하는 구조
- FST 배정 물량: 삼성전자의 HNE 1대 분량
- 멀티 벤더 기회: Qual 통과 순서에 따라 충분히 많은 비중 확보 가능
- Canatu 연혁: 핀란드 알토대 대학원 CNT 연구 → 벨기에 Imec과 공동 연구 개발 → Canatu 창업 및 소재 개발 → 소재 판매에서 장비 판매로 사업 전환
- FST의 Qual 완료는 시장 타당성 검증 및 시장 개화의 신호이며, 고객사는 더 나은 솔루션(어썸레이)을 찾게 됩니다.
- FST 동향: Canatu 장비를 구입하여 기술 이전을 받아 생산 중.

[FST 생산 방식]
어썸레이는 CNT 자체 연구 개발 및 생산, FST는 Canatu의 CNT 멤브레인 생산 장비 구매하여 자체 생산 (확인)

[추가: FST 현황 상세]
- FST의 기존 펠리클 매출: FST의 펠리클 매출은 디스플레이용 펠리클 매출. EUV 펠리클은 현재 연구 개발 중으로 Qual 통과 이후 매출 발생 예정
- FST Qual 진행 현황: 현재 아직 Qual 통과 전 단계
- FST 선행 납품 시 영향: 어썸레이는 삼성전자의 멀티 벤더 정책으로 공급 확정. Qual 통과 순서에 따른 비중 차이는 있을 수 있으나 공급은 확정적

[추가: 경쟁사 현황 및 측정 방식 (from 케이넷 2026.04.13, 리인베 2026.04.09)]
- 전 세계 CNT 멤브레인/펠리클 경쟁사: 핀란드 Canatu, 일본 Mitsui, 일본 Lintec 3곳만 존재
- Canatu 측정 방식: UV VIS로 측정하여 EUV 유사성 기반 경향성 추정. 수소 플라즈마는 Imec에서 측정 추정
- Canatu 균일도 문제 추정: 불연속(배치) 생산이므로 각 CNT 펠리클의 균일도 확보에 구조적 문제 추정됨
- 어썸레이 측정 방식: SST를 통해 삼성전자에 납품하여 실제 환경에서 측정
- FST vs 어썸레이 속도: 기존에는 FST 진행 속도가 빨랐으나, Qual Test 지연에 따라 어썸레이와 FST 속도가 비슷해짐"
"Q6","삼성과의 관계 때문에 TSMC 등 다른 파운드리에 공급이 제한되지 않나요?","삼성,TSMC,글로벌 고객,IP,전략,전속 리스크,SST,FST,대주주,해외 판매,에이벤처스,미쓰이 CVC,LG화학,분말형태,경쟁 아님,CNT 분말 사업 종료","[요약]
어썸레이는 특정 고객 전속이 아닌 글로벌 CNT 소재 플랫폼을 지향합니다.

[자세한 답변]
- 현재: 삼성은 핵심 초기 고객이자 기술 검증(Reference) 파트너
- 전략: 원천 IP와 생산 설비는 어썸레이가 보유하며, TSMC·Intel·SK hynix 등 글로벌 고객 확장을 전제로 비즈니스 구조 설계
- SST, FST 모두 삼성전자가 대주주이며, 국내 CNT 펠리클 공급에서는 삼성전자에 영향 받으나, 해외 판매 시 CNT 멤브레인에는 영향 없음
- SST의 직접 투자 제안이 있었으나, 종속 우려로 거절하여 독립적 지위 유지
- 삼성에서의 신뢰성을 바탕으로 글로벌 파운드리로 확장하는 'CNT Crafting 플랫폼' 모델입니다.

[글로벌 고객 확장]
국내는 SST, FST 모두 삼성전자 독점 형태
- 해외 TSMC로는 CNT 멤브레인 판매 가능
- TSMC 직접 컨택 포인트 없음, SPIE 등 학회/전시회에서 만날 예정
- 라이센싱/기술이전은 지향하지 않음, 제품 판매에 집중 (from 미쓰이 meeting)
- 미쓰이와는 경쟁 관계가 있어 협업 어려움, 한국 내 회사와 협업 불가, 해외 회사와는 가능 (from 미쓰이 meeting)

[추가: LG화학 등 기존 CNT 회사와의 관계]
- LG화학 등 기존 CNT 회사와의 차별점: 기존 CNT 회사들은 분말 형태 생산. 어썸레이는 섬유와 멤브레인 형태 생산. 목표 산업 및 시장이 다르므로 경쟁 관계 아님
- CNT 분말 시장 현황: 중국 CNT 산업의 발달 및 생산 과잉으로 국내 LG화학 등 사업 중단

[추가: 삼성전자 외 매출 수요처 및 해외 공급 구조 (from 케이넷 2026.04.13, 리인베 2026.04.09)]
- 삼성전자 납품 이후 확장: SK하이닉스로 확장 예정, 향후 TSMC/인텔로도 확장 가능
- 해외 공급 구조: 국내는 S&S Tech를 통해 삼성전자에 공급. 해외에는 어썸레이가 직접 공급 가능 (SST 경유 불필요)
- 수요처 종속 문제: 직접 납품하는 SST는 종속될 수 있으나, 어썸레이는 비용 수령 없이 자체 개발했으므로 종속 의무 없음"
"Q7","EUV 펠리클은 어떤 용도이며, 밸류체인은 어떻게 되나요?","밸류체인,공정,비용 구조,멤브레인,펠리클 제조,파운드리,플레이어,용도,Me-Si,미쓰이","[요약]
포토마스크의 회로 노광을 위한 EUV를 누락없이 투과시키고, 파티클 문제를 예방하는 핵심 부품입니다.

[자세한 답변]
- EUV 펠리클 용도: 포토마스크 보호 및 EUV 광 투과, 파티클 오염 방지
- 기존 펠리클은 미쓰이의 Me-Si 소재 기반
- 밸류체인 3단계:
  1단계 CNT 멤브레인 소재 (aweXome Ray, Canatu): 핵심 소재 합성 및 멤브레인 형성 (비용 비중 10% → 향후 15~20% 확대)
  2단계 펠리클 제조 (S&S Tech, FST, Mitsui): 프레임 부착, 코팅, 조립, 검사, 패키징 (비용 비중 30~40%)
  3단계 EUV 공정 운영 (삼성전자, TSMC, Intel): 노광 장비 장착 및 반도체 양산
- 어썸레이는 CNT 멤브레인 생산 및 공급, SST는 코팅·프레임·CNT 펠리클 생산 및 공급, 타 코팅 회사는 각자 코팅 시도 중"
"Q8","CNT 펠리클 시장은 왜 지금 성장하고 있나요?","CNT 펠리클,시장 성장,2nm,Capex,High-NA,삼성,Intel,SK hynix,TSMC,HNE","[요약]
2nm 이하 노드 진입과 High-NA EUV 도입 가속화가 결정적 요인입니다.

[자세한 답변]
- 기존 실리콘/SiC 펠리클은 High-NA의 고출력/고열 환경을 견디지 못함
- Intel, 삼성, SK hynix의 High-NA Capex 투자가 CNT 펠리클 수요를 직접 견인
- 삼성전자는 2026년 3분기 테일러 랩 가동을 위해 CNT 펠리클 적용을 필수 전제로 추진 중
- HNE 도입에 따라 수요가 발생하고 가속화되는 구조"
"Q9","CNT 펠리클 시장 규모를 어떻게 추정하나요? (2030년 기준)","시장 규모,2030,High-NA,장비 대수,WPH,ASP,멤브레인 비중","[요약]
보수적인 가정하에서도 2030년 High-NA 펠리클 시장은 약 3조 원 규모로 추정됩니다.

[자세한 답변]
- 가정: WPH 200장, 펠리클 단가 4,000만 원, 수명 10,000장
- High-NA 펠리클 시장: 약 3조 원
- CNT 멤브레인 시장 (비중 10%): 약 3,000억 원
* 멤브레인 비중 확대(15~20%) 또는 수명 단축 시 실질 시장 규모는 더 커질 수 있음"
"Q10","CNT 펠리클이 Low-NA EUV 장비로 확장될 근거는 무엇인가요?","Low-NA,광원 출력,확장,HNE,LNE,도입 시점,Low-NA 370대,High-NA 9대,장비 대수","[요약]
""High-NA 선행 도입 후, Low-NA로 확대""라는 방향성은 산업 내 합의된 수순입니다.

[자세한 답변]
- Low-NA 장비도 광원 출력이 지속 증가하여 기존 소재의 한계 도달
- High-NA 극한 환경에서 검증된 소재(CNT)를 상대적으로 완화된 Low-NA에 적용하는 것은 자연스러운 흐름
- 고객사별 구체적 도입 시점의 차이일 뿐, 확장은 시간 문제

[추가: EUV 장비 대수 및 공급 순서]
- CNT 멤브레인 공급 대상 및 범위: High NA EUV 장비로 시작, Low NA EUV 장비로 확장
- 현재 EUV 장비 대수: High NA 9대, Low NA 370여대
- 초기 High NA에서 검증 후 Low NA로 확장하는 단계적 접근"
"Q11","CNT 멤브레인에 요구되는 물성(스펙)과 어썸레이 수준은?","요구 스펙,투과율,균일도,내열성,수소 플라즈마,현재 수준,Qual 목표,두께,밀도,에이벤처스,미쓰이 CVC,파티클,불순물,캐핑 이후 파티클,쳐짐,균일도 장비 발주,그래핀 코팅,두께 조절,정제 공정","[요약]
2026년 1월 기준, 어썸레이는 크기·투과율·내열성 목표를 달성했으며 균일도 개선 중입니다.

[자세한 답변]
- EUV 투과율: 94% 이상 (멤브레인 자체 96~97%) → 목표 달성
- 내열성: 800°C 이상 → 목표 달성
- 크기: Full-size (110×144mm) → 목표 달성
- 균일도: 0.4% 이하 → 개선 진행 중
- 수소 플라즈마: 5,400초 이상 → 통과 (수명 조건: 웨이퍼 10k)
- CNT 멤브레인은 얇을수록 투과율이 높아지며, CNT 밀도로 두께를 조절합니다.

[어썸레이 현재 수준]
포항 가속기 연구소에서 측정, 요구 물성 달성

[추가: 파티클 및 불순물 문제]
- CNT 멤브레인 파티클 문제: CNT 멤브레인 자체의 불순물 존재(파티클 아님). 캐핑 이후 파티클 문제로 추정
- CNT 멤브레인 쳐짐 등 재고 관리: CNT 멤브레인 전달 이후 S&S Tech의 관리 문제. 삼성전자로의 bare/캐핑/기타 처리 CNT 펠리클 동시 테스트 과정에서 보관 기간 차이 발생

[추가: 균일도 및 공정 개선]
- 균일도 향상 방안: 균일도 개선 방안 탐색 및 확보 완료. 균일도 개선을 위한 장비 설계 및 제작 발주 완료
- 그래핀 코팅 이유: CNT 멤브레인의 불균일 표면을 그래핀 코팅으로 표면 균일하게 만들기 위함
- 캐핑의 물성 영향: 캐핑이 펠리클의 물성에 영향을 주지만 핵심은 멤브레인. 캐핑에 따라 물성 유지 또는 감소가 발생하나 그 비중은 매우 작음
- 두께 조절 역량: 생산 장비에서 원재료 투입 조절을 통해 두께 조절 가능
- 정제 및 불순물 제거 공정: 해당 공정 요인과 기술 탐색 완료. 장비 발주 완료. 양산 일정에 영향 없음
- 정제 장비 비용: 약 5억원 규모 (from 케이넷 meeting 2026.04.13)"
"Q12","어썸레이 CNT 멤브레인의 진입장벽과 차별화 포인트는?","진입장벽,차별점,균일성,연속 공정,경쟁사,Canatu,그래핀,자체 생산,소재 형태,산업 동향,FC-CVD,롤투롤,CVD 비용,에이벤처스,미쓰이 CVC,에어로겔,장당 생산,CNT 길이,SWCNT,MWCNT,옥시알,아세톤,원재료,IP 보유","[요약]
전 세계에서 풀사이즈 CNT 멤브레인을 제작 가능한 곳은 어썸레이와 Canatu 단 두 곳뿐입니다.

[자세한 답변]
- 독보적 공정: FC-CVD + Direct Spinning + Roll-to-Roll 연속 공정 (Canatu의 배치 공정 대비 생산성·균일도 우위)
- FC-CVD 방식 공정: 가열로 장비에서 상부에서 기체, 가스를 주입하고, 가열로 내에서 CVD 공정이 진행됨
- CVD 방식 차별성: CNT 생산의 일반적 방식이며, CNT 섬유 생산 회사는 세계에 어썸레이 포함 3개사, CNT 멤브레인 생산 회사는 세계에 어썸레이 포함 2개사. 섬유와 멤브레인 둘 다 생산하는 회사는 어썸레이 하나뿐임
- 파트너십: S&S Tech와의 긴밀한 협력으로 경쟁사 대비 빠른 피드백 루프 및 데이터 확보
- 소재 우위: 그래핀의 구조적 한계(두께 vs 투과율 트레이드오프)를 극복한 CNT 소재 특성. 형태 제작을 위해 두께 증가에 따라 투과율이 감소함
- CNT 합성 및 생산 기술 내재화로 자체 생산 중 (LG화학 등 외부 구매가 아닌 자체 합성)
- 생산 장비: CNT 소재 연구 개발 및 생산 과정에서 자체 개발 및 제작
- CNT 소재 형태: 분말, 페이스트, 섬유, 멤브레인 형태 존재. 어썸레이는 섬유와 멤브레인 형태를 생산하며, 섬유 형태로 연속 생산 중
- 국내 기준 어썸레이 외 모두 가루 형태이며, 가루 형태는 균일한 물성 생산 및 유지가 어려움. 해외 기준 미국 덱스맷, 나노콤이 섬유만 생산
- 롤투롤 방식의 단점: 연구 개발 및 생산 난이도가 높고 어려움
- CVD 방식 생산 비용: 같은 CVD 이지만, 그래핀 낱개 생산 대비 어썸레이의 CNT는 연속 생산으로 비용이 저렴함

[차별화]
CVD 합성에서 가루/섬유 형태 생산 가능 여부, SW/MW 조절 가능 여부 등에서 차이 존재
- 어썸레이는 섬유와 필름 형태 모두 생산 가능
- CNT 원재료는 메탄 외 다른 소재 사용 가능하나 CNT 물성 차이 발생, 대부분 생산 원재료는 동일
- LG화학 CNT 사업 종료 원인: 불연속 생산 방식(제이오, LG화학 등), 가루 형태이므로 필름/멤브레인 형태 생산 불가
- CNT 학계 동향: 학술적 논문 위주
- 창업자 및 연구진이 서울대학교에서 CNT 전공자로, 연구 개발 역량 보유 (from 미쓰이 meeting)
- 타사 대비 연속 생산 기술 기반으로 생산량 및 품질 측면에서 장점 보유 (from 미쓰이 meeting)
- CNT 섬유가 두꺼운 이유: 60가닥을 꼬아서 만듦 (from 미쓰이 meeting)

[추가: CNT 멤브레인 합성 방식 상세]
- CNT 멤브레인 합성 방식: 원재료 가스를 주입 이후 에어로겔 상태로 롤러에 내려와서 걸쳐지는 방식
- 생산 방식: 큰 면적으로 생산 후 자르는 방식이 아닌 장당 생산 방식
- 단일 CNT 길이: 어썸레이가 Canatu보다 더 길음. CNT 길이 측정 방법 및 기술 정립 중, 현재 평균 길이 계산으로 추정
- 균일도 확보 방식 (섬유 vs 멤브레인): CNT 섬유는 Raman 측정으로 균일도 확보. CNT 멤브레인은 매번 측정하지 않고 생산 장비/공정/원재료 조절로 균일 생산 역량 확보 (from 케이넷 2026.04.13)

[추가: CNT 소재 종류 및 경쟁 환경]
- SWCNT vs MWCNT: 레이어 숫자에 따라 종류가 달라지고 두께 차이 발생. 분말 형태에서 얇을수록 물성 개선되나 가격 비싸짐. SWCNT는 러시아 옥시알이 생산 판매 중. 한국 제이오/LG화학은 연구 개발 및 생산 중이나 중국 CNT 회사의 가격 할인 전략에 따라 경쟁력 상실
- 중국 CNT 회사 영향: 중국 CNT 회사들은 분말 형태. 어썸레이는 섬유 및 멤브레인 형태로 차별화
- CNT 원재료: 멤브레인 생산에는 메탄, 섬유 생산에는 아세톤 사용
- IP 보유 현황: 소재, 공정, 생산 장비 IP 보유"
"Q13","현재 EUV 펠리클/노광 공정에서의 병목과 어썸레이의 위치는?","병목,EUV 펠리클,삼성,S&S Tech,FST,ASML Qual,SST,SSI","[요약]
노광 공정의 핵심 병목인 EUV 펠리클 문제를 해결하는 Key Enabler 위치에 있습니다.

[자세한 답변]
- 삼성전자는 펠리클 수급 불안 해소를 위해 S&S Tech, FST에 직접 투자
- 어썸레이는 S&S Tech의 CNT 멤브레인 독점 공급사로서 밸류체인의 핵심 소재 담당
- 연간 1,500장 판매 시 약 60억 원 매출 발생 가능한 현실적인 초기 타깃 시장 진입
- SST 협업 관계 순서: SST가 2022년 말 컨택, SSI는 2024년 컨택"
"Q14","ASML 및 삼성전자의 Qual(품질 인증) 절차는 어떻게 진행되나요?","ASML,삼성전자,Qual,테스트,책임 이관,수명,웨이퍼,수소 플라즈마,에이벤처스,미쓰이 CVC,121개 지점,균일도 검사,Qual 지연 요인,대체 소재 없음","[요약]
기존에는 ASML이 직접 테스트했으나, 현재는 반도체 회사가 직접 테스트와 책임을 맡는 구조로 전환되었습니다.

[자세한 답변]
- 기존: ASML이 직접 펠리클 테스트 수행
- 현재: 반도체 회사(삼성전자 등)로 테스트와 책임이 이관됨
- 어썸레이 CNT 멤브레인은 수명 조건을 통과 (웨이퍼 10k, 수소 플라즈마 챔버 5,400초)
- SST는 현재 Qual의 초기 단계를 진행 중
- 삼성전자 Qual Test 2026년 3분기 통과 예정

[CNT 펠리클 검사 방법]
UV VIS 등 간접 방식으로 측정 중
- 포항 가속기 연구소에 의뢰하여 측정 결과 수령 중
- 현재 표준 기준 없음

[추가: Qual 검사 방법 및 지연 요인]
- EUV 투과율 및 균일도 검사 방법: EUV 펠리클의 표면 121개 지점을 검사하여 균일도 측정
- Qual 통과 지연 요인: 대체 소재 없고 고객에 판매 계약일이 존재하므로 매출 발생은 확정적. 당사의 개발 지연으로 미뤄질 수 있으나 수요처의 지연 요인은 없음

[추가: 삼성전자 납품 구조 및 듀얼벤더 (from 케이넷 meeting 2026.04.13)]
- 납품 구조: 어썸레이는 2차 벤더로 삼성전자 협력사 등록 불필요. CNT 펠리클 Qual 테스트에는 1차 벤더사(SST)와 함께 참여
- 듀얼벤더 시 생산 라인 영향: 어썸레이와 FST의 CNT 펠리클 물성 차이 존재 가능하나, EUV 장비 폼팩터가 동일하여 반도체 생산 라인에 장비 추가 세팅 필요 없음"
"Q15","SST와의 계약 및 파트너십 구조는 어떻게 되나요?","SST,독점 공급,구두 계약,서면 계약,AP시스템,주성엔지니어링,SSI,펀드,FST,에이벤처스,미쓰이 CVC,LG화학,주성엔지니어링,코팅 캐핑 파트너","[요약]
국내 한정 SST 독점 공급 구조이며, Qual 통과 시 서면 계약을 체결할 예정입니다.

[자세한 답변]
- 국내 한정 SST 독점 공급 상황
- 현재 구두 계약 형태이며, 향후 Qual 통과 시 서면 계약 예정
- SST의 직접 투자 제안이 있었으나 종속 우려로 거절
- SST는 코팅·캐핑에 대해 자체 완성을 주장하며, AP시스템과 협업 중, 주성엔지니어링 등 코팅·캐핑 협업 의사도 확인
- SSI 펀드: 블라인드 펀드. 이전에 프로젝트 펀드 결성을 시도했으나 이슈로 결성 못함. SST가 SSI 펀드의 LP는 아님
- FST로의 원재료 공급: 국내는 SST로 공급

[SST 투자 관계]
어썸레이는 SST로부터 투자를 받음 (미쓰이 미팅에서 확인)

[추가: S&S Tech 외 파트너십]
- CNT 멤브레인 파트너사 (S&S Tech 외): 코팅 및 캐핑을 통해 원하는 필름/펠리클 형태로 활용하기 위해 LG화학, 주성 엔지니어링 등과 협업 중
- 코팅/캐핑 관련 동향: 주성 엔지니어링, LG화학 등이 자체 역량 보유하여 CNT 멤브레인 기반 반도체용 소재/부품 사업 시도 중. 해당 회사들의 CNT 멤브레인 생산 역량은 없음"
"Q16","CNT-Cu 복합체 전선은 구리(Cu) 대비 어떤 성능 우위가 있나요?","CNT-Cu,구리,전도도,Ampacity,TCR,경량화,반도체 장비,TEL,CNT 전선 전도도,에이벤처스,미쓰이 CVC,가천대,임재홍,해성,도금 협업,양산 파트너","[요약]
Ampacity, 경량화(비중 1/6), 고온 안정성(TCR 제어), 내열성(400°C+)에서 Cu 대비 명확한 우위가 있습니다.

[자세한 답변]
- 비중: Cu 8.94 g/cm³ vs CNT-Cu 2~4 g/cm³ (6배 경량화)
- 전도도: Cu 5.8×10⁷ S/m vs CNT-Cu 1~3×10⁷ S/m (Cu의 17~52%). CNT 전선 전도도는 구리의 전기 전도도와 비슷한 수준 달성
- Ampacity: Cu ~10⁵ A/cm² vs CNT-Cu 10⁵ 이상 (Cu 대비 우위)
- 인장강도: Cu 200 MPa vs CNT-Cu ≥500 MPa 추정
- TCR: Cu는 양(+)으로 높아 고온에서 저항 급증, CNT-Cu는 도금조건으로 제어 가능
- 내열성: Cu ~200°C (산화) vs CNT-Cu >400°C (챔버 내부 적합)
- 이론적으로 구리 도금 전선이 기존 구리 전선보다 더 나은 성능 보유
* 출처: 경신케이블/가천대 공동연구(2025), 어닐링 400°C 1h H₂/Ar 기준

[CNT-Cu 전선]
CNT 도금 전선 성능이 구리와 유사한 수준으로 최근 달성
- 가천대 임재홍 교수의 논문 최근 공개됨

[추가: 도금 기술 개발 협업 체계]
- 구리 도금 CNT 전선 도금 수준 개선: 가천대 임재홍 교수와 협업을 통해 연구 개발 및 개선 진행 중
- 역할 분담: 연구 개발은 어썸레이 자체 진행. 양산 및 사업화는 해성 등 외부 파트너와 협업 예정
- 전기 저항/발열 온도 조절 방식: CNT 섬유의 두께, 밀도 등으로 조절 (from 케이넷 meeting 2026.04.13)"
"Q17","CNT 파이버의 전력용과 히터용 특성은 어떻게 제어하나요?","전력용,히터용,Cu 도금,TCR,Reel-to-Reel,스펙 제어,도금 조건","[요약]
Cu 도금 조건(두께, 단계, 펄스 조건)으로 전력용과 히터용 특성을 각각 최적화할 수 있습니다.

[자세한 답변]
- 전력용: Cu 도금 두께 ↑ + 어닐링 → 저저항, 안정 TCR 확보 (고전류 안정 전달)
- 히터용: Cu 도금 얇게 또는 bare CNT → 적정 저항, 균일 발열 특성 활용
- 양산 역량: Reel-to-Reel 연속도금 시스템 확보, 1-step/2-step 도금·펄스 조건별 데이터 보유"
"Q18","CNT 케이블의 안전 규격 현황은 어떻게 되나요?","안전 규격,PSE,JIS,UL,KC,REACH,TSCA,나노소재,EHS","[요약]
현재 CNT 케이블 전용 규격은 미정립 상태이나, 기존 전선 규격 프레임워크 내 적용을 조사 중입니다.

[자세한 답변]
- 규격 현황: UL, PSE, JIS, KC 등 기존 전선 규격 내 적용 가능성 조사 중
- 나노소재 EHS: REACH(EU), TSCA(미국) 등록 현황 확인 및 일본 NITE 규정 검토 진행
- 우선 대응: TEL 등 일본계 고객 대응을 위해 PSE법/JIS 규격을 최우선 과제로 설정
- 파트너 활용: 경신케이블의 기존 전선 인증 경험과 데이터를 활용해 인증 프로세스 가속화"
"Q19","axrial(CNT 파이버) 제품은 무엇이며, 섬유산업에서의 의미는?","axrial,CNT 파이버,섬유산업,스마트 텍스타일,경량화,FC-CVD,Techtextil,Innovation Award,발열체,발열체 원가,메탄,저렴","[요약]
axrial은 FC-CVD 연속 합성 기술 기반의 산업용 CNT 파이버로, 섬유를 능동적 전자·열 부품으로 전환합니다.

[자세한 답변]
- 열 성능: 니크롬 와이어 대비 300% 높은 열전도율
- 경량: 구리 대비 1/5 무게에서 높은 전도성(~50 MS/m) 유지
- 내구성: 반복 굽힘·접힘에서 금속 와이어 대비 우수한 피로 저항성
- 수상: 2026년 Techtextil Innovation Award(New Concept 부문) 수상, 유럽 데뷔 예정
- 발열체 매출: 현재는 연구 개발 단계이며, 샘플 판매 매출 존재

[추가: 발열체 원가 경쟁력]
- CNT 섬유 기반 발열체 원가: 원재료가 메탄 등으로 저렴하게 생산 가능하여 원가 경쟁력 보유

[추가: Techtextil 수상의 의미 (from 케이넷 meeting 2026.04.13)]
- 테크텍스틸 수상의 의미: 국제 섬유 산업 협회에서 시상하는 상으로, 기능성 섬유 개발 회사에 부여"
"Q20","axrial 제품의 개발 단계와 향후 계획은?","axrial,개발 단계,PoC,현대자동차,양산,인증,로드맵,충전 케이블,CNT 섬유,사업화,초고속 충전,충전 케이블,휴머노이드 로봇,우주 방산 확장","[요약]
자동차 히팅 시트 PoC 완료, 현대자동차와 경량 배선 R&D 진행 중이며, 양산 스케일업과 항공우주·방산 인증을 추진합니다.

[자세한 답변]
- 현재 단계: 자동차 히팅 시트 PoC(Proof of Concept) 성공적 완료
- 진행 중: 현대자동차 경량 배선(lightweight wiring) R&D 프로젝트
- 향후 계획: 글로벌 공급망 대응 생산 스케일업 + 항공우주·방산 산업 인증 취득
- 고객 현황: 현대자동차, KC모터스, 경신케이블 등과 협력 진행 중
- 유무선 충전 케이블: 현대자동차 2027년 소재 평가, 2028 적용 모델 확정 예정. 현재 구리 전선보다 비싸지만, 성능 개선 목적으로 선행 도입 예정
- CNT 섬유 사업화: 향후 3년 CNT 멤브레인에 집중 후, 2028년 CNT 양산 시설 구축 및 사업화 예정
- 자동차용 전선의 차량 1대당 분량은 현재 공개 자료가 없어 추정 불가

[추가: 충전 케이블 및 확장 방향]
- 초고속 충전 관련 전선 동향: 현재 상용화된 충전 케이블 대비 더 초고속 충전 케이블 연구 개발 중. CNT 섬유 기반 전선을 초고속 충전 케이블용으로 활용 가능
- 전선 사업 확장 방향: 현재 자동차용 초경량 고기능 전선 연구 개발 중. 향후 휴머노이드 로봇용으로 확장 예정. 우주 방산 산업으로도 확장 고려

[추가: CNT 섬유 매출 예상 시점 (from 케이넷 meeting 2026.04.13)]
- CNT 섬유 기반 제품 매출 예상 시점: 2030년 경
- 예상 매출 규모: 자동차, 우주, 항공, 방산 산업 적용 시 매우 큼
- 현대자동차 향 매출은 상대적으로 작을 것으로 예상"
"Q21","어썸레이의 CNT 기술이 EUV 펠리클 외에 활용되는 분야는?","CNT 응용,파이버,전선,히터,방열,차폐,모빌리티,스마트 텍스타일,우주 항공,X선,공기 정화,LG화학 전자파 차폐,에이벤처스,미쓰이 CVC,한화,방산 소재,HBM 방열,배터리 전극,이동욱 CPO","[요약]
CNT Crafting 플랫폼 기술을 초경량 전선, 히팅 소재, 스마트 텍스타일, 방열·차폐 등으로 확장하고 있습니다.

[자세한 답변]
- 초경량 전선: 경신케이블/가천대 공동연구, TEL 반도체 장비 내부 적용 검토, 현대자동차 경량 배선 R&D
- 히팅 소재: 자동차 히팅 시트 PoC 완료, 스마트 의류·의료 발열 기기 타겟 (axrial heat)
- 스마트 텍스타일: CNT 파이버 기반 웨어러블 전자 섬유 (axrial electric), Techtextil Innovation Award 수상
- 방열·차폐: CNT의 높은 열전도율 및 전자파 차폐 특성을 활용한 소재 개발. 현재는 샘플 대응만 진행, 향후 본격 진행 예정. LG화학 진출 시 재료 분야에 위협 발생 가능하나, LG화학의 CNT 파우더로는 섬유와 멤브레인 형태 생산이 어려움
- 우주 항공: 인공 위성용 도금 직조물 공급 (어썸레이 → 스텝랩 → LIG 넥스원 예정)
- X선 부품/장비 및 공기 정화 살균 장치: 정리 사업으로 전환 (상세 내용은 QX1, QX2 참조)

[CNT 응용 분야 확대]
원익 투자 파트너스 투자 이후 원익 그룹과 다양한 CNT 협업 진행 예정
- 방열 필름 사업화로 일본 TEL과 미팅 (from 미쓰이 meeting)
- X레이 제품 사업에서 CNT 멤브레인 소재 사업으로 집중 전환 (from 미쓰이 meeting) (X선 상세: QX1 참조)

[추가: 협업 파트너 및 신규 응용분야]
- 한화 에어로스페이스 주력 연구 개발 대상: 방산 소재, 경량 전선, 전자파 차폐, CNT 섬유 기반 직물. 제주도 한화 에어로스페이스와 프로젝트 단위로 협업 예정
- HBM 방열 소재: 반도체 HBM 방열 소재로 연구 개발 중
- 배터리 전극 소재: 이번에 합류한 이동욱 CPO가 향후 진행 예정

[추가: 전자파 차폐 및 제주도 이전 상세 (from 케이넷 meeting 2026.04.13)]
- 한화 CNT 섬유 기반 전선 응용처: 우주 방산 산업의 전자파 차폐재
- 기존 전자파 차폐재 소재: 금속
- 전자파 영역대 조절: 합성 및 생산 방식에 따라 전자파 영역대 조절 가능 (연구 개발 중)
- 제주도 위치: 구 탐라대학교 위치(루트 330)에 한화 산업 단지 구축 예정
- 제주도 인력 채용: 어썸레이가 직접 채용하여 역량 개발 예정"
"Q22","CNT 전선의 가격과 매출 전망은?","CNT 전선,가격,덱스맷,양산,매출,2028,2029,에이벤처스,미쓰이 CVC,생산 시설 역량,니치마켓,탄소 소재 전선","[요약]
현재 구리 전선보다 비싸지만 양산 라인 구축 시 가격 하락이 예상되며, 2029년부터 본격적인 전선 매출이 반영될 전망입니다.

[자세한 답변]
- 현재 가격: 구리 전선보다 비쌈. 미국 덱스맷 m당 100달러 수준
- 양산 시: 양산 라인 구축 시 가격 하락 예정
- 적용 일정: 2028년 적용 가능, 2029년부터 전선 매출 반영 예정
- 성능 대비 가격: 현재 비싸지만, 성능 개선 목적으로 선행 도입 예정 (현대자동차 등)

[CNT 전선 시장 진출 가능성]
미국 덱스맷, 나노콤 회사 존재하나 상용화 제품 없음

[추가: 전선 생산 역량 및 경쟁 구도]
- 전선 생산 시설 역량: 현재 생산 시설로 CNT 섬유 기반 전선의 대규모 생산 가능
- 탄소 소재 기반 전선 비교: 구리는 가격이 계속 상승 중. 타 탄소 소재 기반 전선은 양산 상태. CNT 섬유 기반 전선은 양산 전이나 양산 시 가격 하락 예정. 양산 시 타 탄소 소재 기반 전선과 가격 경쟁 가능
- 초기 사업 전략: 특수 전선, 초경량, 고기능, 니치 마켓을 대상으로 사업화 중"
"Q23","현재 투자 유치 일정 및 구조는 어떻게 되나요?","투자 유치,브릿지 라운드,멀티 클로징,투심,DB기술투자,SSI,원익,투자 현황,에이벤처스,미쓰이 CVC,삼성벤처,양성훈 상무,L&S 인베스트먼트,리인베스트먼트,런웨이,월 2억원,구주 60억,케이넷","[요약]
브릿지 라운드로 총 최대 90억원을 목표로 하며, 3월 말 투심 마무리 후 멀티 클로징으로 진행합니다.

[자세한 답변]
- 브릿지 라운드 프리 밸류: 560억원 (이전 540억원에서 상향)
- 총 모집 금액: 2025년 10월 20억원, 2026년 3월 40억원, 4월 30억원으로 최대 90억원
- 일정: 부회장 보고(가장 핵심) 이후 임원 시너지 위원회 진행. 3월까지 투심 마무리, 3월 납입 40억원, 4월 납입 30억원 예정 (멀티 클로징)
- 3월말 3개사 40억원, 4월 1개사 30억원 (미정이라 공개 어려움)
- 기존 주주 대상 신규 투자 동의 시 4월분까지 동의 예정
- 투자금 모집 관련: 2026년 매출 발생 시 유동성 확보 가능. 현재 유동성 확보 차원에서 안정적인 운영을 위해 진행 중
- 타 투자 후보사: IR 이후 투심 대기 중
- DB 기술 투자: SSI 금액에 맞춰 10억원~20억원 가능, 진행 회신 시 맞춰서 진행
- 원익 투심: 곧 진행 예정
- 2026년 3월 26일 유진 투자 증권 미팅: Pre 560억원, 최소 40억원 ~ 최대 70억원으로 4월 말 클로징 목표로 진행 중
- 투자 유치 진행 과정에서 검토 중이던 대형 투자 기관의 드랍으로 투자 검토 기관 추가 가능해짐
- 투자 참여 기관 확대에 따라 일정 지연으로, 최대한 빠르게 진행하는 방향
- 유니온 투자 파트너스와의 미팅 이후, 추가 투자 후보사 없음

[투자 유치]
Pre 560억원 진행 중 (확인)
- 2026년 하반기 주관사 선정 예정
- 2027년 중 Pre IPO 예정
- 투자 유치 완료 시 런웨이 3년 확보

[추가: 투자 기관별 현황]
- 삼성 벤처 투자: 양성훈 상무와 연결 이력 있음. SI로 이번 라운드에는 시기적으로 참여 어려움. Qual 통과 이후 참여 예정
- 리인베스트먼트: L&S 인베스트먼트와 공동 운영 펀드 보유. L&S는 이전 라운드에서 주성진 대표님이 검토했으나 투심에서 이견으로 Drop. L&S의 초기 투자 특성상 당시 어썸의 밸류가 높았음. 당사 보유 펀드 주 목적이 TCB 대상(어썸은 TCB 인증 보유)
- 케이넷투자파트너스: 투자 유치 현황 최소 40억원~최대 70억원 확인

[추가: 자금 운용 현황]
- 현재 런웨이: 월 번 2억원 이하 수준. 이번 투자 유치 목적은 런웨이 연장. 매출 발생에 따라 2027년 투자 유치 안할 수도 있음
- 기 투자 기관 구주 매각: 구주 매각 의사 확인 시 최대 60억원, 할인율 20% 예상
- 투자 참여 일정: 타 투자 기관들이 4월 말 납입 일정으로 추가 참여 어려움

[추가: 투자 기관 구체 금액 및 TCB (from 케이넷 2026.04.13, 리인베 2026.04.09)]
- 확정 투자 기관 및 금액: 원익 20억원, DB 10억원, 유니온 10억원, 액시스 10억원
- 원익 투자 계약서: 원익 측 계약 양식 요구
- TCB 인증: 어썸레이 TCB 인증 보유 (T-3 등급), 리인베스트먼트 보유 펀드 주 목적 충족
- 작년 투자 참여 구조: SSI가 보유한 펀드로 투자. SST의 직접 투자 및 LP 참여는 없음"
"Q24","프리 밸류 및 구주 매각 조건은?","프리 밸류,브릿지 라운드,구주 매각,카카오벤처스,서울대 기술지주,할인,공동창업자 구주,에이벤처스,미쓰이 CVC,공동창업자 퇴사,구주 할인율,지분 40%,포스트 리픽싱","[요약]
브릿지 라운드 프리 밸류 560억원이며, 기존 주주의 구주 할인 매각이 가능합니다.

[자세한 답변]
- 프리 밸류: 브릿지 라운드 기준 560억원 (이전 540억원에서 상향)
- 내부 지분: 약 40%, 공동 창업자 등 구주 매입 예정
- 2025년 말 20억원 납입 완료, 추가 40~70억원 투자 유치 중
- 구주 매각: 카카오 벤처스, 서울대 기술 지주 등 프리 기준 각 7% 내외 할인 판매 의사 있음
- 이번 투자 유치 중 구주: 카카오 벤처스 등 구주 30% 할인 판매 가능
- 신주/구주 투자 유치: 신주 또는 구주를 대상으로 투자 유치 진행 가능. 실사 요청 수용, 자료 제공 가능
- 공동창업자 구주 매입: 공동창업자 보유 구주에 대해 대표 개인의 매입 의사 존재. 공동창초자 보유 구주 비율 2인 합쳐서 총 11%
- 초기 투자 참여 기관 구주: 현재 주당 가격보다 할인 판매 가능 예상

[주주 구성]
초기 투자 기관 구주 매입 가능 (확인)
- 대표 및 공동창업자 40% (확인)

[추가: 지분 및 구주 상세]
- 공동 창업자 퇴사 이유: 회사 성장 및 경제적 이유로 퇴사
- 대표 및 공동 창업자 지분: 포스트 및 리픽싱 시 40%
- 구주 할인율: 카카오 벤처스 구주는 이번 주당 단가의 30% 수준 할인 판매 가능. 기 투자 기관 구주는 20% 할인 예상
- 주주 구성: 서울대 기술지주, 카카오 벤처스 각 7% 보유. 인비저닝 파트너스도 주주로 있음. 투자 유치 당시 ESG 테마로 투자받음 (QX2 참조). 진행 사업 관련 중견 기업의 직접 투자는 없음

[추가: 밸류 근거 및 카카오벤처스 (from 케이넷 meeting 2026.04.13)]
- 시리즈 B Post 밸류: 900억원 규모로 완료 (2018년 창업 후 바로 투자 유치)
- 밸류 상승 근거: 시리즈 B 중 환경 관련 신기술 등 이전 대비 성장으로 밸류 상승
- 리픽싱 구조: 주당 가격 리픽싱은 존재하나, 실적 기반 리픽싱은 없음
- 매출 저조 대비: 매출 저조에 대비한 투자 유치를 통해 유동성 확보 중
- 카카오벤처스 구주 매각: 매각 의사 긍정적, 김기준 대표가 직접 연락 예정"
"Q25","IPO 일정은 어떻게 계획하고 있나요?","IPO,주관사,기술 특례 상장,2027,2028,기술 등급,주관사 패키지,에이벤처스,미쓰이 CVC,유진 선택 이유,중형 증권사,Pre IPO 2027","[요약]
2026~27년 주관사 선정, 2028년 기술 특례 상장을 목표로 합니다.

[자세한 답변]
- 2026년 말~2027년 초 주관사 선정
- 2028년 기술 특례 상장 예정
- 기술 등급 TCB: T-3 등급
- 주관사 선정 계획: 유진 투자 증권의 지속적인 관심과 노력에 감사하며 긍정적으로 고려 중. 주관사 소개 미팅까지만 진행함
- 주관사 선정 절차: 투자사 및 주주 설득을 위해 공식적인 주관사 선정을 위한 미팅을 요청하고 절차를 통해 결정할 예정
- 유진 투자 증권 주관사+투자 패키지 제안: 실사→주관사 선정→투자 유치 패키지 제안 순서로 진행. 제안 내용 검토하여 긍정적으로 진행 예정

[IPO 타이밍]
2026년 하반기 주관사 선정 예정 (기존 2026 말~2027 초에서 구체화)
- 2027년 중 Pre IPO 예정

[추가: 주관사 선정 배경 및 Pre IPO 계획]
- 주관사로 유진을 고려하는 이유: 자주 연락 및 케어를 잘해줌. 대형 증권사는 이미 진행 중인 건들이 많아 중형 증권사로 알아봄
- Pre IPO 투자 유치 계획: 삼성전자 매출 발생 이후, 2027년 예상"
"Q26","정리 사업 부서 및 기타 사업 현황은?","정리 사업,IP,L/O,정리 사업부 공간,에이벤처스,미쓰이 CVC,IP 매각,로열티,그래핀 동향","[요약]
정리 사업 부서의 IP를 활용하며, X선·에어솔루션 등 기존 사업은 중단 후 IP 활용 단계입니다. (상세 내용은 QX1, QX2 참조)

[자세한 답변]
- 정리 사업: 보유 IP 활용한 L/O(License-Out), 직접 사업 진행은 추가 생산 중단. 외부 파트너 활용 예정
- 정리 사업 부서 공간·시설·장비: 매각 중이며 현금 확보 예정
- 재고 자산 처분으로 현금 10~20억원 확보 가능
- 중단 사업의 현황: 인력 구조 조정 완료. 정리된 사업의 IP를 해외 회사에 IP 매각 및 로열티 방식 고려 중

[추가: 그래핀 회사 동향 (from 케이넷 2026.04.08, 리인베 2026.04.09)]
- 그래핀 업체 현황: XG 사이언스, 2DM 등 다수 존재, 사업화/상용화 케이스 많음
- 그래핀 한계: 그래핀 자체의 물성 한계(두께 vs 투과율 트레이드오프, 풀사이즈 제작 시 20층 이상 필요, 수소 플라즈마 취약성)로 제품 사업화 어려움"
"Q27","정부 R&D 과제(DCP) 지원 현황은 어떻게 되나요?","DCP,정부 과제,R&D 지원,NCF Tech,지원금,국책 과제","[요약]
DCP 과제에 선정되어 정부 R&D 지원을 확보하였으며, 경쟁사 대비 선제적 신청을 통해 획득했습니다.

[자세한 답변]
- DCP 과제 지원금 규모: 2025년보다 2026년에 지원금 규모가 더 커지는 구조
- 2025년 신청 이유: 경쟁사인 NCF Tech가 신청함에 따라 지원금 규모가 작음에도 불구하고 선제적으로 신청하였고 최종 선정됨
- 의의: 정부 R&D 지원을 통해 연구 개발 자금 확보 및 기술 공신력 강화"
"QX1","X선(X-ray) 사업의 현황과 중단 배경은?","X선,X레이,냉음극,저선량,오스템,덴탈,CT,배터리 검사,4680,테슬라,IP,정리 사업,케이넷","[요약]
CNT 기반 X선 발생 장치는 기술적으로 시장 요구 수준을 달성했으나, 시장 수요 지연으로 사업을 중단하고 IP 활용 단계로 전환했습니다.

[자세한 답변]
- 사업 개요: CNT 섬유 기반 X선 발생 장치 (의료용·산업용)
- 기술 수준: 현재 시장 요구 수준을 개발한 제품이 달성. 저선량, 냉음극 방식으로 차별화
- 중단 원인: 기술적 문제가 아닌 외부 요인(시장 지연). 오스템 등 차세대 CT/덴탈 등 시장 수요 발생이 늦어짐
- 배터리 검사용 X선: 테슬라의 4680 배터리 검사 X선 장비 개발 지연으로 수요 발생이 늦어짐 (from 케이넷 meeting 2026.04.13)
- 현재 상태: 직접 사업 진행은 중단. 보유 IP를 해외 회사에 매각 및 로열티 방식으로 활용 고려 중
- 전환 배경: X레이 제품 사업에서 CNT 멤브레인 소재 사업으로 집중 전환 (from 미쓰이 meeting)
- 재고 자산: 정리 사업 부서의 공간·시설·장비 매각 중이며 현금 확보 예정 (재고 자산 처분으로 현금 10~20억원 확보 가능)"
"QX2","에어솔루션(공기 살균 정화) 사업의 현황은?","에어솔루션,공기 정화,공기 살균,전기 집진,조달,ESG,정리 사업,매출","[요약]
에어솔루션(공기 살균 정화 장치) 사업은 정리 사업으로 전환되었으나, 소규모 매출은 유지 중입니다.

[자세한 답변]
- 제품: CNT 기반 공기 살균 정화 장치
- 기술 방식: 전기 집진 방식. 집진부의 교체 및 세척 형태로 사업화
- 현재 매출: 2026년 초 기준 약 2억원 (민간 및 공공 조달)
- 현재 상태: 정리 사업으로 전환. 직접 사업 진행은 추가 생산 중단, 외부 파트너 활용 예정
- 투자 유치 배경: 초기 투자 유치 당시 ESG 테마(공기 살균 정화 장치)로 투자받은 이력 있음 (카카오벤처스, 인비저닝 파트너스 등)
- 사업 의의: 구조 조정 이전 메인 사업 중 하나였으며, CNT 섬유 기반 기술의 제품 사업화 경험으로 활용"

